Station_ID,DATE,LAT,LON,Soil_Moisture,Temp_Avg,Temp_Max,Temp_Min,Earth_Skin_Temp,Rel_Humidity,Root_Soil_Wetness,Precip_Corrected
60,2023-03-01,7.25,-5.25,0.5,26.9,31.9,23.7,27.56,75.36,0.47,4.95
60,2023-03-02,7.25,-5.25,0.51,27.92,34.25,22.31,28.7,70.9,0.48,11.66
60,2023-03-03,7.25,-5.25,0.51,28.1,33.99,23.31,29.14,74.32,0.49,6.18
60,2023-03-04,7.25,-5.25,0.52,27.67,33.16,23.29,28.41,76.54,0.5,16.39
60,2023-03-05,7.25,-5.25,0.52,27.49,31.83,23.82,27.97,78.72,0.53,11.27
60,2023-03-06,7.25,-5.25,0.53,27.7,33.06,23.16,28.3,77.04,0.53,6.63
60,2023-03-07,7.25,-5.25,0.53,26.81,30.76,24.03,27.01,81.99,0.52,2.07
60,2023-03-08,7.25,-5.25,0.53,27.84,33.77,22.21,28.61,74.67,0.52,0.66
60,2023-03-09,7.25,-5.25,0.52,28.0,33.47,23.06,28.91,75.64,0.51,4.96
60,2023-03-10,7.25,-5.25,0.53,27.86,32.58,23.56,28.22,76.7,0.51,3.63
60,2023-03-11,7.25,-5.25,0.53,26.89,31.1,23.83,27.28,81.76,0.52,8.14
60,2023-03-12,7.25,-5.25,0.53,27.44,33.06,23.61,27.62,71.19,0.52,0.77
60,2023-03-13,7.25,-5.25,0.53,28.05,34.58,22.36,28.95,67.18,0.51,0.22
60,2023-03-14,7.25,-5.25,0.53,28.18,34.27,22.62,29.43,70.15,0.5,1.0
60,2023-03-15,7.25,-5.25,0.52,28.14,33.75,23.3,29.15,71.78,0.49,1.32
60,2023-03-16,7.25,-5.25,0.52,28.46,34.11,23.69,29.42,69.66,0.49,1.14
60,2023-03-17,7.25,-5.25,0.53,27.03,31.53,24.0,27.33,79.18,0.51,21.57
60,2023-03-18,7.25,-5.25,0.54,26.15,30.6,23.22,26.36,81.68,0.53,22.44
60,2023-03-19,7.25,-5.25,0.56,26.4,31.25,22.37,26.8,80.22,0.57,13.34
60,2023-03-20,7.25,-5.25,0.56,26.43,30.86,22.71,26.75,80.88,0.56,3.32
60,2023-03-21,7.25,-5.25,0.56,27.23,32.55,22.75,27.69,78.52,0.56,15.35
60,2023-03-22,7.25,-5.25,0.58,26.16,29.78,23.17,26.4,84.79,0.58,17.72
60,2023-03-23,7.25,-5.25,0.59,25.2,27.65,23.25,25.12,86.73,0.6,10.26
60,2023-03-24,7.25,-5.25,0.59,25.28,28.77,21.96,25.27,84.66,0.6,7.09
60,2023-03-25,7.25,-5.25,0.59,26.56,31.39,22.3,26.81,81.2,0.6,7.34
60,2023-03-26,7.25,-5.25,0.59,26.76,31.83,22.26,27.25,80.88,0.59,3.12
60,2023-03-27,7.25,-5.25,0.59,26.72,31.1,23.17,27.09,82.02,0.59,12.64
60,2023-03-28,7.25,-5.25,0.6,26.33,30.63,23.06,26.73,83.66,0.6,9.2
60,2023-03-29,7.25,-5.25,0.6,25.98,29.33,22.96,26.1,86.21,0.6,1.6
60,2023-03-30,7.25,-5.25,0.6,26.46,30.26,22.84,26.46,83.31,0.59,4.59
60,2023-03-31,7.25,-5.25,0.6,26.54,31.62,22.07,26.97,81.25,0.58,2.37
60,2023-04-01,7.25,-5.25,0.6,26.56,31.12,22.36,26.91,82.36,0.58,1.19
60,2023-04-02,7.25,-5.25,0.59,26.82,31.97,22.03,27.29,80.14,0.57,1.12
60,2023-04-03,7.25,-5.25,0.59,26.85,30.69,23.23,27.02,81.15,0.56,2.73
60,2023-04-04,7.25,-5.25,0.59,26.93,31.82,22.74,27.28,80.63,0.56,1.84
60,2023-04-05,7.25,-5.25,0.59,26.91,31.99,23.09,27.32,80.19,0.55,1.12
60,2023-04-06,7.25,-5.25,0.58,27.46,32.81,22.7,28.04,78.05,0.55,1.24
60,2023-04-07,7.25,-5.25,0.58,27.12,31.48,23.21,27.52,81.12,0.54,3.14
60,2023-04-08,7.25,-5.25,0.58,27.17,30.83,23.67,27.29,80.61,0.54,1.74
60,2023-04-09,7.25,-5.25,0.58,26.78,30.64,23.8,26.86,83.44,0.54,1.93
60,2023-04-10,7.25,-5.25,0.58,26.83,31.3,23.54,27.1,79.51,0.54,1.16
60,2023-04-11,7.25,-5.25,0.57,27.56,33.49,22.23,28.01,75.47,0.53,0.79
60,2023-04-12,7.25,-5.25,0.57,27.37,32.41,23.08,28.08,78.7,0.53,0.92
60,2023-04-13,7.25,-5.25,0.57,27.54,32.76,23.49,27.91,77.61,0.52,2.52
60,2023-04-14,7.25,-5.25,0.57,26.99,31.25,23.44,27.35,83.11,0.52,2.84
60,2023-04-15,7.25,-5.25,0.57,26.78,30.33,23.9,26.9,84.54,0.53,3.04
60,2023-04-16,7.25,-5.25,0.57,26.98,31.35,23.47,26.97,82.83,0.53,4.7
60,2023-04-17,7.25,-5.25,0.57,27.11,32.39,23.15,27.51,81.49,0.54,7.03
60,2023-04-18,7.25,-5.25,0.57,27.09,31.84,23.12,27.45,82.91,0.54,7.12
60,2023-04-19,7.25,-5.25,0.57,27.16,31.36,23.71,27.5,83.39,0.55,6.51
60,2023-04-20,7.25,-5.25,0.57,26.73,30.78,23.92,27.02,83.63,0.55,2.25
60,2023-04-21,7.25,-5.25,0.57,27.1,32.15,22.82,27.55,79.39,0.54,0.88
60,2023-04-22,7.25,-5.25,0.56,27.41,31.95,23.79,27.75,82.11,0.53,2.0
60,2023-04-23,7.25,-5.25,0.56,27.41,31.54,24.1,27.74,83.61,0.53,4.67
60,2023-04-24,7.25,-5.25,0.57,26.86,31.06,24.05,27.03,86.59,0.54,14.31
60,2023-04-25,7.25,-5.25,0.57,27.61,33.07,23.52,27.87,78.98,0.56,4.74
60,2023-04-26,7.25,-5.25,0.58,25.89,28.93,23.49,25.89,88.7,0.56,9.97
60,2023-04-27,7.25,-5.25,0.58,26.39,32.19,21.01,26.64,76.68,0.56,2.29
60,2023-04-28,7.25,-5.25,0.58,26.27,29.78,23.17,26.42,86.31,0.56,2.27
60,2023-04-29,7.25,-5.25,0.57,26.95,31.95,22.93,27.31,81.09,0.55,1.25
60,2023-04-30,7.25,-5.25,0.57,26.52,30.64,22.76,26.93,83.21,0.55,6.08
60,2023-05-01,7.25,-5.25,0.57,26.04,29.56,23.42,26.23,84.54,0.55,3.88
60,2023-05-02,7.25,-5.25,0.57,26.21,30.91,22.81,26.48,82.28,0.54,0.67
60,2023-05-03,7.25,-5.25,0.57,27.1,32.65,21.92,27.58,79.08,0.54,2.0
60,2023-05-04,7.25,-5.25,0.56,27.52,32.62,22.95,28.06,80.42,0.53,1.95
60,2023-05-05,7.25,-5.25,0.56,27.62,32.38,23.3,28.02,77.71,0.53,2.25
60,2023-05-06,7.25,-5.25,0.56,26.79,30.64,23.12,27.02,80.51,0.52,2.98
60,2023-05-07,7.25,-5.25,0.56,26.57,30.68,23.57,26.86,82.56,0.52,3.02
60,2023-05-08,7.25,-5.25,0.56,27.18,31.79,23.31,27.63,80.52,0.52,2.04
60,2023-05-09,7.25,-5.25,0.56,27.18,30.83,24.14,27.16,79.49,0.52,0.99
60,2023-05-10,7.25,-5.25,0.56,27.31,31.9,24.1,27.41,82.08,0.52,8.21
60,2023-05-11,7.25,-5.25,0.56,27.08,31.81,23.78,27.33,81.99,0.53,1.73
60,2023-05-12,7.25,-5.25,0.55,27.51,32.85,22.85,27.97,80.38,0.52,2.99
60,2023-05-13,7.25,-5.25,0.55,27.45,31.54,23.79,27.81,84.56,0.52,8.16
60,2023-05-14,7.25,-5.25,0.56,27.45,31.39,24.69,27.53,83.86,0.54,12.69
60,2023-05-15,7.25,-5.25,0.58,25.65,28.2,24.0,25.71,91.06,0.57,38.4
60,2023-05-16,7.25,-5.25,0.6,26.14,30.93,22.67,26.34,82.69,0.61,4.31
60,2023-05-17,7.25,-5.25,0.59,26.77,31.7,22.29,27.05,83.44,0.6,0.33
60,2023-05-18,7.25,-5.25,0.59,26.58,30.41,24.03,26.7,86.75,0.58,3.26
60,2023-05-19,7.25,-5.25,0.59,26.97,31.5,23.25,27.24,84.02,0.58,5.05
60,2023-05-20,7.25,-5.25,0.59,25.72,27.91,24.07,25.73,90.6,0.58,3.38
60,2023-05-21,7.25,-5.25,0.58,26.06,29.96,22.92,26.33,87.03,0.57,4.7
60,2023-05-22,7.25,-5.25,0.59,26.91,31.05,23.31,27.24,83.82,0.57,5.03
60,2023-05-23,7.25,-5.25,0.59,26.77,30.2,23.63,26.91,86.99,0.58,15.71
60,2023-05-24,7.25,-5.25,0.59,26.97,30.4,23.8,27.1,86.78,0.59,5.92
60,2023-05-25,7.25,-5.25,0.6,26.63,30.04,24.18,26.85,88.53,0.6,13.99
60,2023-05-26,7.25,-5.25,0.6,26.4,29.26,23.9,26.46,89.28,0.6,3.91
60,2023-05-27,7.25,-5.25,0.6,26.04,28.84,24.37,26.0,90.67,0.6,4.27
60,2023-05-28,7.25,-5.25,0.6,26.34,29.98,23.68,26.48,89.0,0.6,4.76
60,2023-05-29,7.25,-5.25,0.6,26.48,31.02,22.66,26.8,86.01,0.59,2.02
60,2023-05-30,7.25,-5.25,0.6,26.95,30.66,23.48,27.19,87.08,0.58,5.12
60,2023-05-31,7.25,-5.25,0.6,26.63,29.63,23.95,26.74,89.12,0.59,11.93
60,2023-06-01,7.25,-5.25,0.62,25.74,28.0,23.96,25.63,92.83,0.62,17.34
60,2023-06-02,7.25,-5.25,0.62,25.52,29.01,22.77,25.53,89.49,0.63,23.52
60,2023-06-03,7.25,-5.25,0.64,25.1,28.53,22.68,25.26,89.59,0.66,11.87
60,2023-06-04,7.25,-5.25,0.64,26.5,30.79,22.75,26.84,85.24,0.64,2.59
60,2023-06-05,7.25,-5.25,0.64,25.85,28.69,23.54,25.9,90.42,0.63,8.48
60,2023-06-06,7.25,-5.25,0.64,25.94,29.46,23.33,26.04,89.57,0.65,13.2
60,2023-06-07,7.25,-5.25,0.65,25.32,28.64,22.89,25.44,89.48,0.66,18.83
60,2023-06-08,7.25,-5.25,0.65,25.67,29.79,22.59,25.88,86.91,0.66,6.51
60,2023-06-09,7.25,-5.25,0.65,25.99,30.24,21.97,26.23,86.36,0.65,5.41
60,2023-06-10,7.25,-5.25,0.66,26.37,29.74,23.23,26.41,87.71,0.66,25.13
60,2023-06-11,7.25,-5.25,0.69,25.4,28.39,23.36,25.5,90.42,0.71,41.05
60,2023-06-12,7.25,-5.25,0.7,25.34,29.26,22.39,25.67,87.72,0.72,2.07
60,2023-06-13,7.25,-5.25,0.69,25.03,29.13,21.47,25.41,87.28,0.7,0.94
60,2023-06-14,7.25,-5.25,0.69,25.46,29.74,21.78,25.85,87.21,0.68,4.94
60,2023-06-15,7.25,-5.25,0.69,25.7,29.87,21.91,26.12,86.89,0.67,3.74
60,2023-06-16,7.25,-5.25,0.69,25.15,28.22,21.98,25.3,88.29,0.67,5.67
60,2023-06-17,7.25,-5.25,0.69,25.8,29.71,22.9,26.11,88.19,0.66,3.68
60,2023-06-18,7.25,-5.25,0.69,25.95,29.93,22.43,26.34,85.55,0.65,1.82
60,2023-06-19,7.25,-5.25,0.69,26.27,30.01,23.36,26.43,86.02,0.65,3.85
60,2023-06-20,7.25,-5.25,0.69,24.91,27.29,23.23,24.89,92.07,0.66,18.9
60,2023-06-21,7.25,-5.25,0.71,25.44,29.39,22.19,25.73,88.23,0.71,41.39
60,2023-06-22,7.25,-5.25,0.73,24.93,28.35,22.62,25.11,89.02,0.73,6.48
60,2023-06-23,7.25,-5.25,0.73,25.39,29.65,22.05,25.56,88.6,0.72,12.4
60,2023-06-24,7.25,-5.25,0.73,25.51,29.42,22.56,25.64,88.29,0.72,13.61
60,2023-06-25,7.25,-5.25,0.74,25.1,29.03,21.79,25.53,87.39,0.72,7.95
60,2023-06-26,7.25,-5.25,0.74,24.83,28.98,22.05,25.04,88.66,0.72,9.33
60,2023-06-27,7.25,-5.25,0.75,24.53,28.48,21.24,24.88,88.45,0.72,7.34
60,2023-06-28,7.25,-5.25,0.75,24.88,28.91,21.45,25.25,87.44,0.71,3.77
60,2023-06-29,7.25,-5.25,0.74,25.37,29.07,22.44,25.62,87.29,0.71,4.53
60,2023-06-30,7.25,-5.25,0.74,25.45,28.8,22.78,25.62,87.26,0.7,1.57
60,2023-07-01,7.25,-5.25,0.74,26.52,30.98,22.44,26.96,83.86,0.7,1.35
60,2023-07-02,7.25,-5.25,0.74,25.74,28.93,23.08,25.92,88.27,0.69,8.69
60,2023-07-03,7.25,-5.25,0.74,25.57,29.15,23.07,25.89,88.79,0.71,14.27
60,2023-07-04,7.25,-5.25,0.75,26.09,30.04,22.26,26.4,85.78,0.73,13.71
60,2023-07-05,7.25,-5.25,0.75,25.94,29.35,23.08,26.02,86.64,0.73,6.89
60,2023-07-06,7.25,-5.25,0.76,25.3,28.49,23.12,25.48,87.55,0.73,10.96
60,2023-07-07,7.25,-5.25,0.76,25.21,29.25,22.04,25.53,86.78,0.73,3.83
60,2023-07-08,7.25,-5.25,0.75,25.69,29.55,21.89,26.01,85.39,0.72,7.07
60,2023-07-09,7.25,-5.25,0.76,25.16,27.91,22.89,25.27,89.66,0.72,6.62
60,2023-07-10,7.25,-5.25,0.76,25.45,28.98,22.37,25.82,86.89,0.72,3.19
60,2023-07-11,7.25,-5.25,0.75,25.13,28.22,22.79,25.16,89.51,0.72,4.05
60,2023-07-12,7.25,-5.25,0.75,25.27,28.4,22.58,25.28,87.87,0.72,2.76
60,2023-07-13,7.25,-5.25,0.76,25.69,29.52,22.77,25.98,88.22,0.72,10.8
60,2023-07-14,7.25,-5.25,0.76,25.58,29.3,22.89,25.77,88.46,0.73,6.96
60,2023-07-15,7.25,-5.25,0.76,25.89,29.4,22.91,26.09,86.86,0.72,4.64
60,2023-07-16,7.25,-5.25,0.76,26.1,29.32,23.27,26.12,84.82,0.72,9.5
60,2023-07-17,7.25,-5.25,0.77,26.02,29.49,23.05,26.35,87.46,0.73,9.8
60,2023-07-18,7.25,-5.25,0.77,25.3,28.21,23.18,25.39,88.71,0.73,1.78
60,2023-07-19,7.25,-5.25,0.76,25.55,28.61,22.71,25.64,88.06,0.72,2.81
60,2023-07-20,7.25,-5.25,0.76,25.96,29.81,22.82,26.19,88.32,0.72,2.57
60,2023-07-21,7.25,-5.25,0.76,25.61,29.56,22.61,25.85,87.79,0.72,2.65
60,2023-07-22,7.25,-5.25,0.76,25.04,28.2,22.72,25.1,89.45,0.71,6.89
60,2023-07-23,7.25,-5.25,0.76,24.27,27.43,21.76,24.35,88.99,0.72,5.16
60,2023-07-24,7.25,-5.25,0.76,25.54,29.17,22.14,25.68,86.14,0.72,3.49
60,2023-07-25,7.25,-5.25,0.76,25.19,27.86,22.95,25.18,89.49,0.72,1.84
60,2023-07-26,7.25,-5.25,0.76,26.41,30.52,22.58,26.8,86.03,0.71,1.01
60,2023-07-27,7.25,-5.25,0.75,26.58,30.6,23.5,26.93,86.8,0.7,1.76
60,2023-07-28,7.25,-5.25,0.75,25.86,29.86,22.7,26.08,87.52,0.7,2.59
60,2023-07-29,7.25,-5.25,0.75,25.31,29.0,22.47,25.44,88.52,0.7,6.19
60,2023-07-30,7.25,-5.25,0.75,26.13,29.74,22.67,26.3,83.99,0.7,5.96
60,2023-07-31,7.25,-5.25,0.75,25.45,28.89,22.76,25.5,88.08,0.71,5.9
60,2023-08-01,7.25,-5.25,0.75,25.47,28.91,22.87,25.58,89.17,0.71,3.99
60,2023-08-02,7.25,-5.25,0.75,25.0,28.56,22.28,25.14,89.24,0.71,6.25
60,2023-08-03,7.25,-5.25,0.75,24.5,27.53,22.18,24.5,89.91,0.71,5.13
60,2023-08-04,7.25,-5.25,0.75,25.3,29.7,21.66,25.71,87.22,0.71,1.74
60,2023-08-05,7.25,-5.25,0.74,25.62,29.73,22.19,26.02,87.25,0.7,1.54
60,2023-08-06,7.25,-5.25,0.74,25.49,29.54,22.11,25.84,86.17,0.69,1.24
60,2023-08-07,7.25,-5.25,0.74,25.14,28.42,22.88,25.27,88.3,0.69,1.03
60,2023-08-08,7.25,-5.25,0.74,25.06,27.73,23.03,25.12,90.21,0.69,2.47
60,2023-08-09,7.25,-5.25,0.74,24.64,27.25,22.52,24.65,90.97,0.69,9.08
60,2023-08-10,7.25,-5.25,0.74,23.2,25.39,21.62,23.17,92.15,0.7,4.99
60,2023-08-11,7.25,-5.25,0.74,24.47,28.59,20.94,24.86,86.62,0.7,1.28
60,2023-08-12,7.25,-5.25,0.73,24.88,29.42,21.27,25.23,87.02,0.69,2.43
60,2023-08-13,7.25,-5.25,0.73,24.8,28.63,22.09,24.98,88.15,0.69,8.56
60,2023-08-14,7.25,-5.25,0.73,23.58,26.21,21.56,23.7,90.26,0.69,2.33
60,2023-08-15,7.25,-5.25,0.73,24.36,28.62,20.62,24.65,87.27,0.69,1.01
60,2023-08-16,7.25,-5.25,0.72,25.58,29.88,21.11,25.79,83.62,0.68,2.17
60,2023-08-17,7.25,-5.25,0.72,26.1,29.95,22.68,26.11,86.17,0.68,4.41
60,2023-08-18,7.25,-5.25,0.73,25.26,28.6,23.0,25.4,90.22,0.69,13.47
60,2023-08-19,7.25,-5.25,0.73,25.29,29.61,21.63,25.68,86.36,0.7,3.65
60,2023-08-20,7.25,-5.25,0.73,26.3,30.33,22.56,26.57,83.23,0.69,2.82
60,2023-08-21,7.25,-5.25,0.72,26.48,30.54,22.7,26.67,83.25,0.69,2.57
60,2023-08-22,7.25,-5.25,0.72,26.3,30.28,23.19,26.58,85.87,0.68,1.93
60,2023-08-23,7.25,-5.25,0.72,25.9,30.46,22.76,26.28,86.18,0.68,4.11
60,2023-08-24,7.25,-5.25,0.71,26.03,30.0,22.31,26.1,84.53,0.67,0.93
60,2023-08-25,7.25,-5.25,0.71,26.47,30.12,22.76,26.58,82.99,0.66,0.52
60,2023-08-26,7.25,-5.25,0.7,26.59,30.23,22.85,26.83,84.59,0.66,1.9
60,2023-08-27,7.25,-5.25,0.7,25.67,29.08,23.24,25.88,88.71,0.66,2.46
60,2023-08-28,7.25,-5.25,0.7,25.95,29.9,22.3,26.37,84.67,0.65,0.36
60,2023-08-29,7.25,-5.25,0.7,25.11,28.11,22.9,25.29,88.97,0.65,4.67
60,2023-08-30,7.25,-5.25,0.7,25.78,29.37,22.66,25.88,85.86,0.66,3.39
60,2023-08-31,7.25,-5.25,0.7,26.41,30.22,23.4,26.64,83.08,0.65,1.76
60,2023-09-01,7.25,-5.25,0.69,25.82,29.5,22.7,26.16,86.79,0.65,2.61
60,2023-09-02,7.25,-5.25,0.69,25.66,29.68,22.6,25.87,87.87,0.65,3.44
60,2023-09-03,7.25,-5.25,0.69,24.76,27.64,22.67,24.74,89.68,0.64,2.32
60,2023-09-04,7.25,-5.25,0.69,25.4,29.45,21.71,25.81,85.68,0.64,1.42
60,2023-09-05,7.25,-5.25,0.69,25.05,28.41,22.09,25.2,87.41,0.64,2.64
60,2023-09-06,7.25,-5.25,0.68,24.99,28.62,22.73,24.94,86.02,0.64,1.15
60,2023-09-07,7.25,-5.25,0.68,26.01,30.72,21.03,26.3,82.16,0.63,0.53
60,2023-09-08,7.25,-5.25,0.68,26.67,31.05,22.31,27.08,84.71,0.63,5.02
60,2023-09-09,7.25,-5.25,0.68,24.93,26.75,23.33,24.9,93.03,0.64,14.34
60,2023-09-10,7.25,-5.25,0.69,25.23,28.81,22.09,25.31,86.52,0.67,13.6
60,2023-09-11,7.25,-5.25,0.69,25.8,29.25,21.46,25.57,83.08,0.66,2.44
60,2023-09-12,7.25,-5.25,0.69,26.68,30.69,22.25,26.73,84.43,0.66,8.0
60,2023-09-13,7.25,-5.25,0.69,25.99,29.28,23.43,26.07,87.38,0.66,1.29
60,2023-09-14,7.25,-5.25,0.69,25.58,29.34,22.87,25.73,87.16,0.65,1.05
60,2023-09-15,7.25,-5.25,0.68,26.31,30.43,22.92,26.62,85.44,0.64,1.25
60,2023-09-16,7.25,-5.25,0.68,26.11,29.86,22.77,26.35,86.15,0.64,1.3
60,2023-09-17,7.25,-5.25,0.68,24.5,26.57,23.04,24.43,92.71,0.64,3.04
60,2023-09-18,7.25,-5.25,0.68,24.87,27.46,23.01,24.82,90.98,0.64,3.3
60,2023-09-19,7.25,-5.25,0.68,26.05,29.87,22.48,26.14,83.18,0.63,1.21
60,2023-09-20,7.25,-5.25,0.67,26.6,30.29,22.54,26.62,82.16,0.63,2.91
60,2023-09-21,7.25,-5.25,0.67,26.59,30.38,23.63,26.74,86.99,0.64,13.15
60,2023-09-22,7.25,-5.25,0.68,25.22,27.71,23.46,25.29,91.44,0.65,4.55
60,2023-09-23,7.25,-5.25,0.68,25.94,29.39,22.83,25.91,86.13,0.65,5.45
60,2023-09-24,7.25,-5.25,0.68,25.48,28.93,22.82,25.51,87.31,0.65,2.23
60,2023-09-25,7.25,-5.25,0.68,26.07,29.77,22.59,26.39,85.46,0.64,1.98
60,2023-09-26,7.25,-5.25,0.67,26.34,30.4,23.27,26.7,86.85,0.64,2.34
60,2023-09-27,7.25,-5.25,0.67,27.13,31.4,23.12,27.44,83.41,0.63,1.54
60,2023-09-28,7.25,-5.25,0.67,27.02,30.96,23.33,27.33,85.51,0.62,2.25
60,2023-09-29,7.25,-5.25,0.66,26.4,29.75,23.56,26.44,86.6,0.62,2.3
60,2023-09-30,7.25,-5.25,0.66,26.82,30.43,23.03,26.81,82.26,0.62,3.66
60,2023-10-01,7.25,-5.25,0.66,26.68,30.63,22.82,26.91,85.01,0.62,2.5
60,2023-10-02,7.25,-5.25,0.66,26.66,30.79,23.41,27.07,86.56,0.61,5.2
60,2023-10-03,7.25,-5.25,0.66,25.59,29.43,23.19,25.68,88.99,0.62,7.0
60,2023-10-04,7.25,-5.25,0.66,25.67,29.66,22.35,25.95,88.0,0.62,4.48
60,2023-10-05,7.25,-5.25,0.66,25.99,29.84,22.85,26.33,87.07,0.62,2.29
60,2023-10-06,7.25,-5.25,0.66,26.25,30.15,23.17,26.46,86.12,0.62,4.93
60,2023-10-07,7.25,-5.25,0.66,25.56,28.95,23.39,25.71,88.98,0.62,6.03
60,2023-10-08,7.25,-5.25,0.66,25.73,29.9,22.38,26.1,87.59,0.62,11.7
60,2023-10-09,7.25,-5.25,0.67,24.62,27.09,22.58,24.51,89.92,0.66,20.27
60,2023-10-10,7.25,-5.25,0.67,25.6,29.37,22.39,25.71,86.56,0.66,3.15
60,2023-10-11,7.25,-5.25,0.67,25.72,29.71,22.48,25.93,87.4,0.65,3.84
60,2023-10-12,7.25,-5.25,0.67,25.82,29.78,22.05,26.03,84.61,0.65,7.91
60,2023-10-13,7.25,-5.25,0.67,24.73,27.93,22.38,24.65,87.02,0.65,0.88
60,2023-10-14,7.25,-5.25,0.67,26.06,30.67,22.35,26.1,84.98,0.64,7.94
60,2023-10-15,7.25,-5.25,0.68,25.71,29.22,23.1,25.64,86.36,0.65,8.45
60,2023-10-16,7.25,-5.25,0.68,25.37,29.35,22.51,25.56,88.34,0.65,7.99
60,2023-10-17,7.25,-5.25,0.68,25.4,28.96,22.66,25.49,86.61,0.65,5.91
60,2023-10-18,7.25,-5.25,0.68,25.9,30.03,21.98,26.0,86.16,0.65,1.97
60,2023-10-19,7.25,-5.25,0.68,26.5,30.45,23.44,26.64,87.64,0.64,3.15
60,2023-10-20,7.25,-5.25,0.68,26.23,29.98,23.53,26.46,88.06,0.64,3.37
60,2023-10-21,7.25,-5.25,0.67,26.3,30.26,22.8,26.5,85.68,0.64,2.03
60,2023-10-22,7.25,-5.25,0.67,26.59,30.78,22.57,26.59,83.79,0.63,2.15
60,2023-10-23,7.25,-5.25,0.67,26.53,31.06,22.46,26.79,83.89,0.63,7.94
60,2023-10-24,7.25,-5.25,0.67,25.33,28.32,23.31,25.22,87.3,0.64,5.74
60,2023-10-25,7.25,-5.25,0.67,25.42,29.24,22.71,25.58,88.12,0.64,0.95
60,2023-10-26,7.25,-5.25,0.67,26.2,30.56,21.95,26.48,85.63,0.63,1.53
60,2023-10-27,7.25,-5.25,0.66,26.07,30.21,22.5,26.38,86.8,0.63,1.32
60,2023-10-28,7.25,-5.25,0.66,26.11,30.73,22.15,26.37,84.52,0.62,0.4
60,2023-10-29,7.25,-5.25,0.66,26.49,31.07,21.48,26.41,81.31,0.61,0.44
60,2023-10-30,7.25,-5.25,0.65,27.25,31.22,23.44,27.03,80.78,0.6,3.03
60,2023-10-31,7.25,-5.25,0.65,25.97,29.51,23.02,25.91,88.74,0.6,3.74
60,2023-11-01,7.25,-5.25,0.65,25.87,29.85,22.65,25.98,86.36,0.6,1.42
60,2023-11-02,7.25,-5.25,0.65,25.9,29.64,22.47,25.91,86.28,0.6,1.28
60,2023-11-03,7.25,-5.25,0.65,26.27,30.39,22.58,26.52,86.14,0.6,2.59
60,2023-11-04,7.25,-5.25,0.64,26.59,30.92,22.8,26.94,85.25,0.6,1.3
60,2023-11-05,7.25,-5.25,0.64,26.71,30.85,22.67,26.75,83.78,0.59,0.6
60,2023-11-06,7.25,-5.25,0.64,27.0,31.6,22.49,27.08,82.49,0.59,1.85
60,2023-11-07,7.25,-5.25,0.64,26.36,30.18,23.44,26.52,88.8,0.6,13.46
60,2023-11-08,7.25,-5.25,0.65,25.37,28.91,22.63,25.46,89.82,0.61,7.9
60,2023-11-09,7.25,-5.25,0.65,25.36,28.83,22.15,25.28,84.71,0.62,4.54
60,2023-11-10,7.25,-5.25,0.65,26.65,31.36,22.18,26.76,81.77,0.62,5.05
60,2023-11-11,7.25,-5.25,0.65,26.83,31.09,22.89,27.17,83.98,0.62,6.03
60,2023-11-12,7.25,-5.25,0.65,26.8,31.62,22.88,27.06,84.91,0.61,3.64
60,2023-11-13,7.25,-5.25,0.65,26.82,31.44,22.93,27.02,84.29,0.61,2.37
60,2023-11-14,7.25,-5.25,0.64,27.11,31.68,23.2,27.1,81.08,0.61,3.11
60,2023-11-15,7.25,-5.25,0.64,26.88,32.1,22.59,27.07,81.99,0.6,1.95
60,2023-11-16,7.25,-5.25,0.64,26.54,31.05,22.39,26.84,84.59,0.6,4.35
60,2023-11-17,7.25,-5.25,0.63,26.63,30.86,23.17,26.89,85.59,0.59,1.83
60,2023-11-18,7.25,-5.25,0.63,26.6,30.4,23.28,26.86,85.8,0.59,2.1
60,2023-11-19,7.25,-5.25,0.63,26.17,29.23,23.7,26.16,87.47,0.59,1.42
60,2023-11-20,7.25,-5.25,0.63,26.27,30.26,22.86,26.33,85.55,0.59,0.66
60,2023-11-21,7.25,-5.25,0.63,26.43,31.04,22.3,26.51,83.45,0.58,0.52
60,2023-11-22,7.25,-5.25,0.62,25.77,30.07,22.58,25.89,88.13,0.58,2.69
60,2023-11-23,7.25,-5.25,0.62,26.19,30.93,22.06,26.41,84.91,0.58,1.94
60,2023-11-24,7.25,-5.25,0.62,26.76,31.41,22.79,27.05,84.22,0.58,1.91
60,2023-11-25,7.25,-5.25,0.62,25.88,29.0,23.72,25.81,89.36,0.58,9.64
60,2023-11-26,7.25,-5.25,0.63,25.51,28.8,23.23,25.53,89.48,0.6,18.47
60,2023-11-27,7.25,-5.25,0.64,26.16,31.02,22.04,26.46,81.71,0.62,0.91
60,2023-11-28,7.25,-5.25,0.63,26.14,30.56,22.09,26.37,83.36,0.61,3.79
60,2023-11-29,7.25,-5.25,0.63,26.26,30.8,22.54,26.49,85.16,0.61,5.28
60,2023-11-30,7.25,-5.25,0.63,26.33,30.85,22.49,26.61,85.04,0.61,2.79
60,2023-12-01,7.25,-5.25,0.63,26.0,30.07,22.59,26.01,86.49,0.6,3.57
60,2023-12-02,7.25,-5.25,0.63,26.42,31.04,22.86,26.59,84.84,0.6,2.38
60,2023-12-03,7.25,-5.25,0.63,26.11,30.44,22.33,26.12,84.54,0.6,0.5
60,2023-12-04,7.25,-5.25,0.62,26.74,32.25,22.12,26.78,79.22,0.59,0.41
60,2023-12-05,7.25,-5.25,0.62,26.3,32.01,20.98,26.09,75.99,0.58,0.25
60,2023-12-06,7.25,-5.25,0.62,26.09,31.92,20.85,25.66,72.46,0.57,0.16
60,2023-12-07,7.25,-5.25,0.61,25.9,31.55,20.87,25.8,75.58,0.56,0.68
60,2023-12-08,7.25,-5.25,0.61,26.03,31.23,22.19,26.28,82.34,0.57,6.66
60,2023-12-09,7.25,-5.25,0.61,25.49,30.23,22.43,25.25,82.36,0.57,0.21
60,2023-12-10,7.25,-5.25,0.61,26.29,32.32,21.11,25.81,72.99,0.56,0.43
60,2023-12-11,7.25,-5.25,0.6,26.08,31.88,20.88,26.29,77.79,0.56,1.02
60,2023-12-12,7.25,-5.25,0.6,25.51,31.7,20.85,25.37,74.26,0.55,0.01
60,2023-12-13,7.25,-5.25,0.6,23.45,30.7,17.38,22.99,64.7,0.55,0.0
60,2023-12-14,7.25,-5.25,0.59,23.44,30.82,16.41,22.81,60.91,0.54,0.0
60,2023-12-15,7.25,-5.25,0.59,24.19,31.18,17.99,23.53,63.8,0.53,0.0
60,2023-12-16,7.25,-5.25,0.58,24.52,31.14,18.24,23.54,62.94,0.53,0.0
60,2023-12-17,7.25,-5.25,0.58,25.11,31.85,18.29,24.1,61.57,0.53,0.0
60,2023-12-18,7.25,-5.25,0.58,25.12,32.44,18.25,24.3,61.78,0.52,0.0
60,2023-12-19,7.25,-5.25,0.57,23.71,30.94,16.75,22.83,57.42,0.52,0.0
60,2023-12-20,7.25,-5.25,0.57,23.23,30.85,15.68,22.3,52.35,0.51,0.0
60,2023-12-21,7.25,-5.25,0.56,23.03,31.07,15.19,22.37,52.84,0.51,0.0
60,2023-12-22,7.25,-5.25,0.56,24.02,31.77,16.22,23.11,53.82,0.5,0.0
60,2023-12-23,7.25,-5.25,0.56,24.46,32.65,16.59,23.86,57.2,0.5,0.0
60,2023-12-24,7.25,-5.25,0.55,24.82,32.83,17.85,24.59,65.59,0.5,0.0
60,2023-12-25,7.25,-5.25,0.55,25.45,32.99,18.06,24.82,59.57,0.49,0.0
60,2023-12-26,7.25,-5.25,0.55,25.67,33.45,17.95,24.8,52.99,0.49,0.0
60,2023-12-27,7.25,-5.25,0.54,25.2,33.7,17.12,24.6,53.24,0.49,0.0
60,2023-12-28,7.25,-5.25,0.54,25.38,33.22,17.82,24.44,50.35,0.48,0.0
60,2023-12-29,7.25,-5.25,0.54,25.59,33.31,17.86,24.76,52.86,0.48,0.0
60,2023-12-30,7.25,-5.25,0.53,26.18,33.69,18.79,25.4,53.91,0.48,0.0
60,2023-12-31,7.25,-5.25,0.53,26.15,33.51,20.41,25.77,59.02,0.48,0.01
60,2024-01-01,7.25,-5.25,0.53,26.64,33.93,20.48,26.03,54.86,0.48,0.06
60,2024-01-02,7.25,-5.25,0.53,27.65,34.65,21.4,27.45,57.89,0.47,0.2
60,2024-01-03,7.25,-5.25,0.53,27.36,33.77,22.01,27.77,65.7,0.47,0.36
60,2024-01-04,7.25,-5.25,0.52,27.84,34.17,22.31,28.56,69.65,0.47,0.61
60,2024-01-05,7.25,-5.25,0.52,27.98,34.84,21.58,28.62,62.99,0.47,0.12
60,2024-01-06,7.25,-5.25,0.52,28.0,34.8,22.1,28.9,68.42,0.47,0.4
60,2024-01-07,7.25,-5.25,0.52,27.72,33.22,22.78,28.36,73.16,0.47,1.35
60,2024-01-08,7.25,-5.25,0.52,28.24,34.82,22.92,29.09,69.09,0.47,1.03
60,2024-01-09,7.25,-5.25,0.52,27.48,33.25,22.82,28.36,74.42,0.47,6.91
60,2024-01-10,7.25,-5.25,0.52,27.05,32.79,22.16,27.58,73.41,0.48,3.25
60,2024-01-11,7.25,-5.25,0.52,27.42,32.7,22.74,28.4,73.61,0.48,0.13
60,2024-01-12,7.25,-5.25,0.51,27.78,35.41,22.26,28.39,64.14,0.48,0.07
60,2024-01-13,7.25,-5.25,0.51,26.73,34.59,21.25,26.8,57.04,0.47,0.04
60,2024-01-14,7.25,-5.25,0.51,26.18,34.29,18.56,25.68,48.36,0.47,0.04
60,2024-01-15,7.25,-5.25,0.5,27.45,34.87,20.92,27.65,56.65,0.46,0.02
60,2024-01-16,7.25,-5.25,0.5,27.31,34.85,21.44,27.71,55.82,0.46,0.06
60,2024-01-17,7.25,-5.25,0.5,25.56,34.86,17.61,25.48,44.9,0.46,0.01
60,2024-01-18,7.25,-5.25,0.5,25.76,34.77,18.44,26.01,51.15,0.45,0.03
60,2024-01-19,7.25,-5.25,0.5,27.43,34.98,20.67,28.03,60.32,0.45,0.12
60,2024-01-20,7.25,-5.25,0.5,27.84,35.95,19.96,28.34,52.98,0.45,0.03
60,2024-01-21,7.25,-5.25,0.49,28.35,36.27,21.16,28.83,55.48,0.45,0.01
60,2024-01-22,7.25,-5.25,0.49,27.64,37.05,18.95,27.7,41.73,0.45,0.0
60,2024-01-23,7.25,-5.25,0.49,27.36,35.93,20.19,28.43,56.42,0.44,0.03
60,2024-01-24,7.25,-5.25,0.49,28.65,36.44,22.0,29.81,60.21,0.44,0.07
60,2024-01-25,7.25,-5.25,0.49,28.85,35.72,23.57,29.97,58.81,0.44,0.26
60,2024-01-26,7.25,-5.25,0.49,27.15,35.45,20.98,27.82,48.26,0.44,0.0
60,2024-01-27,7.25,-5.25,0.48,26.17,35.6,18.5,26.51,39.89,0.44,0.0
60,2024-01-28,7.25,-5.25,0.48,26.13,35.56,17.57,26.23,36.67,0.44,0.0
60,2024-01-29,7.25,-5.25,0.48,27.54,35.77,19.37,27.17,37.0,0.43,0.0
60,2024-01-30,7.25,-5.25,0.48,27.98,36.18,19.9,28.02,40.2,0.43,0.0
60,2024-01-31,7.25,-5.25,0.48,28.24,36.26,20.29,29.02,46.49,0.43,0.0
60,2024-02-01,7.25,-5.25,0.48,28.86,35.85,22.2,29.49,51.02,0.43,0.0
60,2024-02-02,7.25,-5.25,0.47,28.36,36.55,21.87,28.86,46.48,0.43,0.0
60,2024-02-03,7.25,-5.25,0.47,26.89,34.59,20.57,26.97,39.11,0.43,0.0
60,2024-02-04,7.25,-5.25,0.47,27.14,35.12,20.75,27.32,42.09,0.43,0.0
60,2024-02-05,7.25,-5.25,0.47,25.46,32.24,20.28,25.09,41.87,0.43,0.0
60,2024-02-06,7.25,-5.25,0.47,24.88,31.14,20.22,24.63,43.8,0.43,0.0
60,2024-02-07,7.25,-5.25,0.47,26.75,35.98,18.9,26.97,38.26,0.43,0.0
60,2024-02-08,7.25,-5.25,0.47,26.98,35.12,20.27,26.34,37.22,0.43,0.0
60,2024-02-09,7.25,-5.25,0.47,28.03,36.43,20.51,28.38,47.06,0.42,0.0
60,2024-02-10,7.25,-5.25,0.46,28.49,36.03,21.53,29.24,55.49,0.42,0.0
60,2024-02-11,7.25,-5.25,0.46,29.34,36.53,22.6,30.76,60.94,0.42,0.03
60,2024-02-12,7.25,-5.25,0.46,30.02,36.94,23.5,31.29,58.65,0.42,0.06
60,2024-02-13,7.25,-5.25,0.46,30.39,36.75,24.41,31.79,61.28,0.42,0.07
60,2024-02-14,7.25,-5.25,0.46,31.67,40.03,25.0,33.3,53.43,0.42,0.15
60,2024-02-15,7.25,-5.25,0.46,31.32,39.68,23.9,33.12,52.25,0.42,0.09
60,2024-02-16,7.25,-5.25,0.46,30.35,37.24,24.85,31.78,56.14,0.42,0.06
60,2024-02-17,7.25,-5.25,0.46,30.17,37.52,23.94,32.06,54.12,0.42,0.03
60,2024-02-18,7.25,-5.25,0.46,30.58,36.91,25.31,32.68,57.98,0.42,0.24
60,2024-02-19,7.25,-5.25,0.46,31.37,37.95,25.16,33.4,53.38,0.42,0.16
60,2024-02-20,7.25,-5.25,0.45,31.34,37.81,25.08,33.46,55.31,0.42,0.1
60,2024-02-21,7.25,-5.25,0.45,30.79,36.21,26.17,32.7,58.93,0.42,0.27
60,2024-02-22,7.25,-5.25,0.45,30.61,38.19,25.64,31.72,50.71,0.42,0.15
60,2024-02-23,7.25,-5.25,0.45,29.56,38.24,21.56,30.44,33.56,0.41,0.06
60,2024-02-24,7.25,-5.25,0.45,29.61,38.73,21.22,30.19,33.25,0.41,0.0
60,2024-02-25,7.25,-5.25,0.45,29.1,35.57,22.5,30.44,57.31,0.41,0.26
60,2024-02-26,7.25,-5.25,0.45,30.53,36.28,25.52,32.11,57.41,0.41,0.7
60,2024-02-27,7.25,-5.25,0.45,30.72,36.97,25.39,32.57,58.74,0.41,0.95
60,2024-02-28,7.25,-5.25,0.45,30.28,35.74,25.3,31.52,64.41,0.42,4.44
60,2024-02-29,7.25,-5.25,0.45,30.24,35.19,25.68,31.05,63.0,0.42,0.87
60,2024-03-01,7.25,-5.25,0.45,27.9,31.66,25.26,28.44,75.64,0.43,7.31
60,2024-03-02,7.25,-5.25,0.46,29.51,36.33,23.79,30.86,67.0,0.44,2.9
60,2024-03-03,7.25,-5.25,0.47,27.28,30.33,24.91,27.46,83.25,0.47,32.66
60,2024-03-04,7.25,-5.25,0.49,28.94,35.23,23.61,29.92,69.9,0.49,0.21
60,2024-03-05,7.25,-5.25,0.49,29.37,35.67,23.47,30.36,64.12,0.48,0.51
60,2024-03-06,7.25,-5.25,0.48,29.67,36.13,24.18,30.86,66.85,0.47,0.57
60,2024-03-07,7.25,-5.25,0.48,29.08,34.64,24.75,30.26,72.36,0.47,4.17
60,2024-03-08,7.25,-5.25,0.48,28.62,33.8,24.39,29.65,74.18,0.47,2.15
60,2024-03-09,7.25,-5.25,0.48,29.24,35.2,24.38,30.54,70.97,0.47,2.55
60,2024-03-10,7.25,-5.25,0.48,29.79,35.59,25.04,30.75,70.74,0.47,6.91
60,2024-03-11,7.25,-5.25,0.48,29.9,35.1,25.18,30.54,68.09,0.47,1.23
60,2024-03-12,7.25,-5.25,0.48,28.78,32.3,25.95,29.18,75.25,0.47,1.72
60,2024-03-13,7.25,-5.25,0.48,29.29,34.91,25.05,30.16,71.51,0.47,0.66
60,2024-03-14,7.25,-5.25,0.48,29.92,35.69,25.06,31.13,68.03,0.46,0.67
60,2024-03-15,7.25,-5.25,0.48,29.31,34.88,25.53,30.25,69.44,0.46,1.01
60,2024-03-16,7.25,-5.25,0.47,30.98,38.07,24.91,32.23,61.61,0.45,0.08
60,2024-03-17,7.25,-5.25,0.47,30.73,37.38,25.02,32.32,65.11,0.45,3.88
60,2024-03-18,7.25,-5.25,0.47,30.7,37.31,25.39,32.14,66.7,0.45,3.73
60,2024-03-19,7.25,-5.25,0.48,29.22,34.18,25.66,29.99,74.68,0.46,9.39
60,2024-03-20,7.25,-5.25,0.49,26.51,29.6,24.21,26.72,80.96,0.49,12.34
60,2024-03-21,7.25,-5.25,0.49,28.96,35.55,23.44,29.78,67.21,0.48,1.18
60,2024-03-22,7.25,-5.25,0.5,26.33,28.61,24.57,26.39,88.33,0.53,59.25
60,2024-03-23,7.25,-5.25,0.53,26.22,29.31,24.17,26.2,87.1,0.59,3.31
60,2024-03-24,7.25,-5.25,0.52,27.23,32.53,22.93,27.75,77.99,0.57,0.85
60,2024-03-25,7.25,-5.25,0.52,27.62,32.16,23.55,28.09,79.32,0.56,7.3
60,2024-03-26,7.25,-5.25,0.53,28.39,33.15,24.18,28.78,78.02,0.56,7.33
60,2024-03-27,7.25,-5.25,0.53,28.86,34.22,23.94,29.64,76.64,0.55,0.79
60,2024-03-28,7.25,-5.25,0.52,29.28,33.78,24.66,29.79,77.11,0.54,5.04
60,2024-03-29,7.25,-5.25,0.53,27.83,31.13,25.26,28.09,85.5,0.54,10.04
60,2024-03-30,7.25,-5.25,0.53,28.08,32.39,24.76,28.44,81.99,0.54,0.78
60,2024-03-31,7.25,-5.25,0.53,28.62,33.33,24.52,29.17,78.74,0.53,0.81
60,2024-04-01,7.25,-5.25,0.52,28.49,33.27,25.05,29.11,76.68,0.52,0.03
60,2024-04-02,7.25,-5.25,0.52,29.48,35.4,24.42,30.38,73.8,0.51,0.21
60,2024-04-03,7.25,-5.25,0.52,27.56,30.73,25.1,27.74,82.57,0.5,0.51
60,2024-04-04,7.25,-5.25,0.51,28.89,34.8,24.03,29.94,74.44,0.49,0.22
60,2024-04-05,7.25,-5.25,0.51,28.75,33.9,24.28,29.72,75.26,0.49,1.2
60,2024-04-06,7.25,-5.25,0.51,28.1,32.53,24.78,28.74,80.22,0.49,7.12
60,2024-04-07,7.25,-5.25,0.51,28.61,33.05,24.65,29.21,78.39,0.5,7.38
60,2024-04-08,7.25,-5.25,0.52,27.48,30.9,24.91,27.68,84.09,0.51,7.54
60,2024-04-09,7.25,-5.25,0.52,27.4,31.7,24.16,27.75,81.76,0.51,1.3
60,2024-04-10,7.25,-5.25,0.52,27.84,32.98,23.68,28.48,80.0,0.51,8.2
60,2024-04-11,7.25,-5.25,0.52,28.25,33.22,24.43,28.69,75.65,0.51,2.48
60,2024-04-12,7.25,-5.25,0.52,28.35,34.12,23.43,29.12,72.57,0.51,0.56
60,2024-04-13,7.25,-5.25,0.51,28.58,34.09,23.91,29.44,74.53,0.5,1.64
60,2024-04-14,7.25,-5.25,0.51,28.85,33.87,24.36,29.69,74.66,0.49,2.98
60,2024-04-15,7.25,-5.25,0.51,29.72,35.49,24.42,30.56,70.32,0.49,1.86
60,2024-04-16,7.25,-5.25,0.51,29.17,34.42,24.62,29.98,74.04,0.48,3.45
60,2024-04-17,7.25,-5.25,0.5,29.0,33.82,24.92,29.74,73.92,0.48,0.47
60,2024-04-18,7.25,-5.25,0.5,29.19,33.98,25.2,29.78,72.68,0.48,0.2
60,2024-04-19,7.25,-5.25,0.5,28.72,33.36,24.61,29.42,76.47,0.47,1.94
60,2024-04-20,7.25,-5.25,0.5,29.14,33.93,25.77,29.71,74.94,0.47,0.91
60,2024-04-21,7.25,-5.25,0.51,27.7,31.48,25.52,27.88,84.6,0.48,12.85
60,2024-04-22,7.25,-5.25,0.51,27.7,31.96,24.55,28.22,80.32,0.49,1.16
60,2024-04-23,7.25,-5.25,0.51,27.81,32.12,24.59,28.26,81.22,0.5,11.22
60,2024-04-24,7.25,-5.25,0.52,28.01,32.96,24.29,28.52,80.81,0.51,3.66
60,2024-04-25,7.25,-5.25,0.52,28.18,32.63,24.33,28.8,79.66,0.5,2.46
60,2024-04-26,7.25,-5.25,0.51,28.16,32.33,24.71,28.61,80.66,0.5,4.42
60,2024-04-27,7.25,-5.25,0.51,28.34,32.32,24.96,28.72,81.14,0.5,1.89
60,2024-04-28,7.25,-5.25,0.51,28.06,32.07,25.09,28.4,82.91,0.5,3.88
60,2024-04-29,7.25,-5.25,0.52,28.22,32.6,25.13,28.6,80.29,0.5,7.26
60,2024-04-30,7.25,-5.25,0.52,29.32,35.04,24.25,29.96,74.84,0.5,1.29
60,2024-05-01,7.25,-5.25,0.51,28.04,31.84,25.14,28.55,81.58,0.5,2.51
60,2024-05-02,7.25,-5.25,0.51,27.7,33.18,23.19,28.39,75.22,0.5,2.01
60,2024-05-03,7.25,-5.25,0.51,28.7,34.13,23.95,29.39,73.27,0.49,0.6
60,2024-05-04,7.25,-5.25,0.51,29.36,35.56,24.67,30.3,71.56,0.48,0.85
60,2024-05-05,7.25,-5.25,0.5,29.11,34.62,24.44,29.92,76.64,0.47,3.64
60,2024-05-06,7.25,-5.25,0.51,27.66,31.9,25.22,28.0,85.1,0.48,6.96
60,2024-05-07,7.25,-5.25,0.51,27.96,32.87,24.0,28.75,77.77,0.48,0.3
60,2024-05-08,7.25,-5.25,0.5,28.27,32.9,24.48,28.94,74.08,0.48,0.5
60,2024-05-09,7.25,-5.25,0.5,28.85,33.87,24.56,29.46,74.65,0.48,1.55
60,2024-05-10,7.25,-5.25,0.5,29.21,35.12,24.41,30.14,73.56,0.47,0.39
60,2024-05-11,7.25,-5.25,0.5,29.16,34.75,24.93,30.09,74.72,0.46,1.33
60,2024-05-12,7.25,-5.25,0.5,28.74,34.1,25.2,29.46,75.74,0.46,1.9
60,2024-05-13,7.25,-5.25,0.5,28.13,32.41,24.81,28.65,77.42,0.46,2.68
60,2024-05-14,7.25,-5.25,0.5,28.5,33.42,24.63,29.34,74.75,0.46,1.24
60,2024-05-15,7.25,-5.25,0.49,28.93,34.15,24.18,29.86,72.75,0.46,1.92
60,2024-05-16,7.25,-5.25,0.5,27.47,31.39,24.88,27.85,84.14,0.47,8.07
60,2024-05-17,7.25,-5.25,0.5,28.3,34.08,23.67,29.07,73.46,0.47,0.69
60,2024-05-18,7.25,-5.25,0.49,28.63,33.55,24.46,29.45,74.78,0.47,3.94
60,2024-05-19,7.25,-5.25,0.5,28.81,33.93,24.76,29.59,78.28,0.47,2.03
60,2024-05-20,7.25,-5.25,0.49,28.78,33.05,25.06,29.44,78.01,0.47,2.01
60,2024-05-21,7.25,-5.25,0.49,28.07,31.5,25.23,28.41,83.41,0.47,3.56
60,2024-05-22,7.25,-5.25,0.5,27.95,32.22,24.87,28.41,82.73,0.48,5.32
60,2024-05-23,7.25,-5.25,0.5,27.51,32.33,24.17,28.0,78.27,0.48,2.9
60,2024-05-24,7.25,-5.25,0.5,28.15,33.51,23.44,28.99,73.64,0.47,0.34
60,2024-05-25,7.25,-5.25,0.49,27.94,33.67,23.48,28.62,75.76,0.47,4.28
60,2024-05-26,7.25,-5.25,0.5,25.74,28.99,23.82,26.21,85.36,0.48,5.0
60,2024-05-27,7.25,-5.25,0.49,27.96,33.86,22.78,29.01,74.56,0.47,0.07
60,2024-05-28,7.25,-5.25,0.49,29.23,35.5,23.71,30.51,70.21,0.46,0.48
60,2024-05-29,7.25,-5.25,0.49,28.73,33.4,24.9,29.52,75.3,0.46,1.81
60,2024-05-30,7.25,-5.25,0.49,28.09,31.83,24.85,28.48,79.97,0.46,2.76
60,2024-05-31,7.25,-5.25,0.49,27.63,31.76,24.81,27.99,83.42,0.47,7.93
60,2024-06-01,7.25,-5.25,0.49,27.23,31.55,24.24,27.61,85.3,0.48,7.81
60,2024-06-02,7.25,-5.25,0.5,26.59,31.07,23.68,27.09,81.33,0.49,5.59
60,2024-06-03,7.25,-5.25,0.5,27.19,31.39,23.53,27.94,79.89,0.49,1.19
60,2024-06-04,7.25,-5.25,0.5,27.6,32.28,23.97,28.29,78.47,0.48,3.43
60,2024-06-05,7.25,-5.25,0.49,27.66,32.35,23.48,28.44,77.66,0.48,1.1
60,2024-06-06,7.25,-5.25,0.49,27.16,31.31,24.12,27.66,83.03,0.48,4.38
60,2024-06-07,7.25,-5.25,0.49,27.36,32.24,23.65,28.05,79.31,0.48,2.09
60,2024-06-08,7.25,-5.25,0.49,27.47,32.0,23.36,28.38,76.01,0.47,1.43
60,2024-06-09,7.25,-5.25,0.49,27.58,32.97,22.75,28.51,77.34,0.47,11.51
60,2024-06-10,7.25,-5.25,0.5,26.58,30.21,23.91,26.82,84.38,0.5,7.85
60,2024-06-11,7.25,-5.25,0.5,27.21,32.19,22.99,27.98,78.91,0.49,1.21
60,2024-06-12,7.25,-5.25,0.5,27.56,32.4,23.38,28.4,78.72,0.49,2.58
60,2024-06-13,7.25,-5.25,0.5,26.98,31.28,23.8,27.52,83.39,0.49,11.6
60,2024-06-14,7.25,-5.25,0.51,25.93,29.57,23.55,26.19,86.67,0.51,14.54
60,2024-06-15,7.25,-5.25,0.52,26.36,30.46,22.76,26.57,80.76,0.51,1.38
60,2024-06-16,7.25,-5.25,0.51,25.92,29.49,23.25,26.21,86.29,0.51,10.63
60,2024-06-17,7.25,-5.25,0.52,26.02,29.71,22.96,26.36,84.93,0.53,10.15
60,2024-06-18,7.25,-5.25,0.52,27.17,31.46,23.25,27.55,80.29,0.52,3.51
60,2024-06-19,7.25,-5.25,0.52,26.6,30.02,23.44,26.68,84.36,0.52,3.48
60,2024-06-20,7.25,-5.25,0.52,26.26,29.8,23.69,26.46,87.32,0.52,4.5
60,2024-06-21,7.25,-5.25,0.52,25.74,29.17,23.33,25.99,88.02,0.52,5.89
60,2024-06-22,7.25,-5.25,0.52,26.12,30.02,22.95,26.53,85.08,0.52,3.37
60,2024-06-23,7.25,-5.25,0.52,26.71,31.2,22.87,27.36,82.73,0.51,1.8
60,2024-06-24,7.25,-5.25,0.52,27.07,31.23,22.99,27.64,82.13,0.51,3.41
60,2024-06-25,7.25,-5.25,0.52,26.51,29.85,23.84,26.73,85.18,0.51,9.0
60,2024-06-26,7.25,-5.25,0.52,25.42,28.45,23.37,25.64,87.89,0.52,3.78
60,2024-06-27,7.25,-5.25,0.53,26.61,31.25,22.48,27.14,82.03,0.52,4.39
60,2024-06-28,7.25,-5.25,0.53,26.31,30.22,23.27,26.65,85.04,0.52,5.11
60,2024-06-29,7.25,-5.25,0.53,26.51,31.01,22.99,26.94,81.99,0.52,3.2
60,2024-06-30,7.25,-5.25,0.53,26.08,29.58,23.2,26.42,83.85,0.51,4.83
